{
  "game_id": "10135d18-d80d-46ac-b655-dc763bd0b415",
  "version": "2",
  "sona": "1",
  "experiment_id": "1768",
  "credit_token": "19421bc286424246b6b1e873e7a55a8e",
  "survey_code": "26346",
  "player1_id": "ebe43149-e352-4a96-8d39-feceddcb16da",
  "player2_id": "bot",
  "rounds": [],
  "player2_botid": "66e367a4-cc10-403c-ad72-8c23ab1bf552",
  "player2_bot_strategy": "outcome_transition_dual_dependency",
  "player2_bot_move_probabilities": {
    "win": {
      "0": {
        "rock": {
          "rock": 0.04999999999999999,
          "paper": 0.9,
          "scissors": 0.04999999999999999
        },
        "paper": {
          "rock": 0.04999999999999999,
          "paper": 0.04999999999999999,
          "scissors": 0.9
        },
        "scissors": {
          "rock": 0.9,
          "paper": 0.04999999999999999,
          "scissors": 0.04999999999999999
        }
      },
      "+": {
        "rock": {
          "rock": 0.04999999999999999,
          "paper": 0.04999999999999999,
          "scissors": 0.9
        },
        "paper": {
          "rock": 0.9,
          "paper": 0.04999999999999999,
          "scissors": 0.04999999999999999
        },
        "scissors": {
          "rock": 0.04999999999999999,
          "paper": 0.9,
          "scissors": 0.04999999999999999
        }
      },
      "-": {
        "rock": {
          "rock": 0.9,
          "paper": 0.04999999999999999,
          "scissors": 0.04999999999999999
        },
        "paper": {
          "rock": 0.04999999999999999,
          "paper": 0.9,
          "scissors": 0.04999999999999999
        },
        "scissors": {
          "rock": 0.04999999999999999,
          "paper": 0.04999999999999999,
          "scissors": 0.9
        }
      }
    },
    "loss": {
      "0": {
        "rock": {
          "rock": 0.04999999999999999,
          "paper": 0.04999999999999999,
          "scissors": 0.9
        },
        "paper": {
          "rock": 0.9,
          "paper": 0.04999999999999999,
          "scissors": 0.04999999999999999
        },
        "scissors": {
          "rock": 0.04999999999999999,
          "paper": 0.9,
          "scissors": 0.04999999999999999
        }
      },
      "+": {
        "rock": {
          "rock": 0.9,
          "paper": 0.04999999999999999,
          "scissors": 0.04999999999999999
        },
        "paper": {
          "rock": 0.04999999999999999,
          "paper": 0.9,
          "scissors": 0.04999999999999999
        },
        "scissors": {
          "rock": 0.04999999999999999,
          "paper": 0.04999999999999999,
          "scissors": 0.9
        }
      },
      "-": {
        "rock": {
          "rock": 0.04999999999999999,
          "paper": 0.9,
          "scissors": 0.04999999999999999
        },
        "paper": {
          "rock": 0.04999999999999999,
          "paper": 0.04999999999999999,
          "scissors": 0.9
        },
        "scissors": {
          "rock": 0.9,
          "paper": 0.04999999999999999,
          "scissors": 0.04999999999999999
        }
      }
    },
    "tie": {
      "0": {
        "rock": {
          "rock": 0.9,
          "paper": 0.04999999999999999,
          "scissors": 0.04999999999999999
        },
        "paper": {
          "rock": 0.04999999999999999,
          "paper": 0.9,
          "scissors": 0.04999999999999999
        },
        "scissors": {
          "rock": 0.04999999999999999,
          "paper": 0.04999999999999999,
          "scissors": 0.9
        }
      },
      "+": {
        "rock": {
          "rock": 0.04999999999999999,
          "paper": 0.9,
          "scissors": 0.04999999999999999
        },
        "paper": {
          "rock": 0.04999999999999999,
          "paper": 0.04999999999999999,
          "scissors": 0.9
        },
        "scissors": {
          "rock": 0.9,
          "paper": 0.04999999999999999,
          "scissors": 0.04999999999999999
        }
      },
      "-": {
        "rock": {
          "rock": 0.04999999999999999,
          "paper": 0.04999999999999999,
          "scissors": 0.9
        },
        "paper": {
          "rock": 0.9,
          "paper": 0.04999999999999999,
          "scissors": 0.04999999999999999
        },
        "scissors": {
          "rock": 0.04999999999999999,
          "paper": 0.9,
          "scissors": 0.04999999999999999
        }
      }
    }
  }
}