{
  "game_id": "36e488ea-105a-41e0-a901-b68dffc06cad",
  "version": "2",
  "sona": "1",
  "experiment_id": "1768",
  "credit_token": "19421bc286424246b6b1e873e7a55a8e",
  "survey_code": "29586",
  "player1_id": "5a070a96-fc6f-43a2-9067-7f092f2da4a3",
  "player2_id": "bot",
  "rounds": [],
  "player2_botid": "9b0e9076-bf2d-4ce6-a8d9-177341f7d3d2",
  "player2_bot_strategy": "win_nil_lose_positive",
  "player2_bot_move_probabilities": {
    "win": {
      "rock": {
        "rock": 0.9,
        "paper": 0.04999999999999999,
        "scissors": 0.04999999999999999
      },
      "paper": {
        "rock": 0.04999999999999999,
        "paper": 0.9,
        "scissors": 0.04999999999999999
      },
      "scissors": {
        "rock": 0.04999999999999999,
        "paper": 0.04999999999999999,
        "scissors": 0.9
      }
    },
    "loss": {
      "rock": {
        "rock": 0.04999999999999999,
        "paper": 0.9,
        "scissors": 0.04999999999999999
      },
      "paper": {
        "rock": 0.04999999999999999,
        "paper": 0.04999999999999999,
        "scissors": 0.9
      },
      "scissors": {
        "rock": 0.9,
        "paper": 0.04999999999999999,
        "scissors": 0.04999999999999999
      }
    },
    "tie": {
      "rock": {
        "rock": 0.04999999999999999,
        "paper": 0.04999999999999999,
        "scissors": 0.9
      },
      "paper": {
        "rock": 0.9,
        "paper": 0.04999999999999999,
        "scissors": 0.04999999999999999
      },
      "scissors": {
        "rock": 0.04999999999999999,
        "paper": 0.9,
        "scissors": 0.04999999999999999
      }
    }
  }
}