{
  "game_id": "50e56f68-c5a2-4f14-8937-3c8f224cb161",
  "version": "2",
  "sona": "1",
  "experiment_id": "1768",
  "credit_token": "19421bc286424246b6b1e873e7a55a8e",
  "survey_code": "20229",
  "player1_id": "776d528c-a63d-40c6-b804-3ebc698374bb",
  "player2_id": "bot",
  "rounds": [],
  "player2_botid": "9fac0b43-28cc-4277-b5e7-ee840a1440fb",
  "player2_bot_strategy": "win_positive_lose_negative",
  "player2_bot_move_probabilities": {
    "win": {
      "rock": {
        "rock": 0.04999999999999999,
        "paper": 0.9,
        "scissors": 0.04999999999999999
      },
      "paper": {
        "rock": 0.04999999999999999,
        "paper": 0.04999999999999999,
        "scissors": 0.9
      },
      "scissors": {
        "rock": 0.9,
        "paper": 0.04999999999999999,
        "scissors": 0.04999999999999999
      }
    },
    "loss": {
      "rock": {
        "rock": 0.04999999999999999,
        "paper": 0.04999999999999999,
        "scissors": 0.9
      },
      "paper": {
        "rock": 0.9,
        "paper": 0.04999999999999999,
        "scissors": 0.04999999999999999
      },
      "scissors": {
        "rock": 0.04999999999999999,
        "paper": 0.9,
        "scissors": 0.04999999999999999
      }
    },
    "tie": {
      "rock": {
        "rock": 0.9,
        "paper": 0.04999999999999999,
        "scissors": 0.04999999999999999
      },
      "paper": {
        "rock": 0.04999999999999999,
        "paper": 0.9,
        "scissors": 0.04999999999999999
      },
      "scissors": {
        "rock": 0.04999999999999999,
        "paper": 0.04999999999999999,
        "scissors": 0.9
      }
    }
  }
}