{
  "game_id": "be4d1890-b9f3-4b17-8c79-e2c023f7724f",
  "version": "2",
  "sona": "1",
  "experiment_id": "1768",
  "credit_token": "19421bc286424246b6b1e873e7a55a8e",
  "survey_code": "33286",
  "player1_id": "ed093bb9-e499-4c5e-8e46-6b99fbc6bb52",
  "player2_id": "bot",
  "rounds": [],
  "player2_botid": "b993b595-35cd-4925-bc52-851289e1f415",
  "player2_bot_strategy": "outcome_transition_dual_dependency",
  "player2_bot_move_probabilities": {
    "win": {
      "0": {
        "rock": {
          "rock": 0.04999999999999999,
          "paper": 0.9,
          "scissors": 0.04999999999999999
        },
        "paper": {
          "rock": 0.04999999999999999,
          "paper": 0.04999999999999999,
          "scissors": 0.9
        },
        "scissors": {
          "rock": 0.9,
          "paper": 0.04999999999999999,
          "scissors": 0.04999999999999999
        }
      },
      "+": {
        "rock": {
          "rock": 0.04999999999999999,
          "paper": 0.04999999999999999,
          "scissors": 0.9
        },
        "paper": {
          "rock": 0.9,
          "paper": 0.04999999999999999,
          "scissors": 0.04999999999999999
        },
        "scissors": {
          "rock": 0.04999999999999999,
          "paper": 0.9,
          "scissors": 0.04999999999999999
        }
      },
      "-": {
        "rock": {
          "rock": 0.9,
          "paper": 0.04999999999999999,
          "scissors": 0.04999999999999999
        },
        "paper": {
          "rock": 0.04999999999999999,
          "paper": 0.9,
          "scissors": 0.04999999999999999
        },
        "scissors": {
          "rock": 0.04999999999999999,
          "paper": 0.04999999999999999,
          "scissors": 0.9
        }
      }
    },
    "loss": {
      "0": {
        "rock": {
          "rock": 0.04999999999999999,
          "paper": 0.04999999999999999,
          "scissors": 0.9
        },
        "paper": {
          "rock": 0.9,
          "paper": 0.04999999999999999,
          "scissors": 0.04999999999999999
        },
        "scissors": {
          "rock": 0.04999999999999999,
          "paper": 0.9,
          "scissors": 0.04999999999999999
        }
      },
      "+": {
        "rock": {
          "rock": 0.9,
          "paper": 0.04999999999999999,
          "scissors": 0.04999999999999999
        },
        "paper": {
          "rock": 0.04999999999999999,
          "paper": 0.9,
          "scissors": 0.04999999999999999
        },
        "scissors": {
          "rock": 0.04999999999999999,
          "paper": 0.04999999999999999,
          "scissors": 0.9
        }
      },
      "-": {
        "rock": {
          "rock": 0.04999999999999999,
          "paper": 0.9,
          "scissors": 0.04999999999999999
        },
        "paper": {
          "rock": 0.04999999999999999,
          "paper": 0.04999999999999999,
          "scissors": 0.9
        },
        "scissors": {
          "rock": 0.9,
          "paper": 0.04999999999999999,
          "scissors": 0.04999999999999999
        }
      }
    },
    "tie": {
      "0": {
        "rock": {
          "rock": 0.9,
          "paper": 0.04999999999999999,
          "scissors": 0.04999999999999999
        },
        "paper": {
          "rock": 0.04999999999999999,
          "paper": 0.9,
          "scissors": 0.04999999999999999
        },
        "scissors": {
          "rock": 0.04999999999999999,
          "paper": 0.04999999999999999,
          "scissors": 0.9
        }
      },
      "+": {
        "rock": {
          "rock": 0.04999999999999999,
          "paper": 0.9,
          "scissors": 0.04999999999999999
        },
        "paper": {
          "rock": 0.04999999999999999,
          "paper": 0.04999999999999999,
          "scissors": 0.9
        },
        "scissors": {
          "rock": 0.9,
          "paper": 0.04999999999999999,
          "scissors": 0.04999999999999999
        }
      },
      "-": {
        "rock": {
          "rock": 0.04999999999999999,
          "paper": 0.04999999999999999,
          "scissors": 0.9
        },
        "paper": {
          "rock": 0.9,
          "paper": 0.04999999999999999,
          "scissors": 0.04999999999999999
        },
        "scissors": {
          "rock": 0.04999999999999999,
          "paper": 0.9,
          "scissors": 0.04999999999999999
        }
      }
    }
  }
}