{
  "game_id": "cb64df45-7797-41f2-baa4-004865338ae4",
  "version": "2",
  "sona": "1",
  "experiment_id": "1768",
  "credit_token": "19421bc286424246b6b1e873e7a55a8e",
  "survey_code": "29586",
  "player1_id": "8d47d909-f881-42ae-af20-84dc7ff320e4",
  "player2_id": "bot",
  "rounds": [],
  "player2_botid": "4a3d0b88-06ba-4f46-9722-e58ff9c846d6",
  "player2_bot_strategy": "outcome_transition_dual_dependency",
  "player2_bot_move_probabilities": {
    "win": {
      "0": {
        "rock": {
          "rock": 0.04999999999999999,
          "paper": 0.9,
          "scissors": 0.04999999999999999
        },
        "paper": {
          "rock": 0.04999999999999999,
          "paper": 0.04999999999999999,
          "scissors": 0.9
        },
        "scissors": {
          "rock": 0.9,
          "paper": 0.04999999999999999,
          "scissors": 0.04999999999999999
        }
      },
      "+": {
        "rock": {
          "rock": 0.04999999999999999,
          "paper": 0.04999999999999999,
          "scissors": 0.9
        },
        "paper": {
          "rock": 0.9,
          "paper": 0.04999999999999999,
          "scissors": 0.04999999999999999
        },
        "scissors": {
          "rock": 0.04999999999999999,
          "paper": 0.9,
          "scissors": 0.04999999999999999
        }
      },
      "-": {
        "rock": {
          "rock": 0.9,
          "paper": 0.04999999999999999,
          "scissors": 0.04999999999999999
        },
        "paper": {
          "rock": 0.04999999999999999,
          "paper": 0.9,
          "scissors": 0.04999999999999999
        },
        "scissors": {
          "rock": 0.04999999999999999,
          "paper": 0.04999999999999999,
          "scissors": 0.9
        }
      }
    },
    "loss": {
      "0": {
        "rock": {
          "rock": 0.04999999999999999,
          "paper": 0.04999999999999999,
          "scissors": 0.9
        },
        "paper": {
          "rock": 0.9,
          "paper": 0.04999999999999999,
          "scissors": 0.04999999999999999
        },
        "scissors": {
          "rock": 0.04999999999999999,
          "paper": 0.9,
          "scissors": 0.04999999999999999
        }
      },
      "+": {
        "rock": {
          "rock": 0.9,
          "paper": 0.04999999999999999,
          "scissors": 0.04999999999999999
        },
        "paper": {
          "rock": 0.04999999999999999,
          "paper": 0.9,
          "scissors": 0.04999999999999999
        },
        "scissors": {
          "rock": 0.04999999999999999,
          "paper": 0.04999999999999999,
          "scissors": 0.9
        }
      },
      "-": {
        "rock": {
          "rock": 0.04999999999999999,
          "paper": 0.9,
          "scissors": 0.04999999999999999
        },
        "paper": {
          "rock": 0.04999999999999999,
          "paper": 0.04999999999999999,
          "scissors": 0.9
        },
        "scissors": {
          "rock": 0.9,
          "paper": 0.04999999999999999,
          "scissors": 0.04999999999999999
        }
      }
    },
    "tie": {
      "0": {
        "rock": {
          "rock": 0.9,
          "paper": 0.04999999999999999,
          "scissors": 0.04999999999999999
        },
        "paper": {
          "rock": 0.04999999999999999,
          "paper": 0.9,
          "scissors": 0.04999999999999999
        },
        "scissors": {
          "rock": 0.04999999999999999,
          "paper": 0.04999999999999999,
          "scissors": 0.9
        }
      },
      "+": {
        "rock": {
          "rock": 0.04999999999999999,
          "paper": 0.9,
          "scissors": 0.04999999999999999
        },
        "paper": {
          "rock": 0.04999999999999999,
          "paper": 0.04999999999999999,
          "scissors": 0.9
        },
        "scissors": {
          "rock": 0.9,
          "paper": 0.04999999999999999,
          "scissors": 0.04999999999999999
        }
      },
      "-": {
        "rock": {
          "rock": 0.04999999999999999,
          "paper": 0.04999999999999999,
          "scissors": 0.9
        },
        "paper": {
          "rock": 0.9,
          "paper": 0.04999999999999999,
          "scissors": 0.04999999999999999
        },
        "scissors": {
          "rock": 0.04999999999999999,
          "paper": 0.9,
          "scissors": 0.04999999999999999
        }
      }
    }
  }
}