{
  "game_id": "ceb62d3f-0e2b-4fc4-af45-3774c5a32f65",
  "version": "2",
  "sona": "1",
  "experiment_id": "1768",
  "credit_token": "19421bc286424246b6b1e873e7a55a8e",
  "survey_code": "24977",
  "player1_id": "9fefc3b6-3f49-4f5b-a2bb-74fc927af7fb",
  "player2_id": "bot",
  "rounds": [],
  "player2_botid": "fdd7d8c5-6bda-4aa8-9b19-4d8ff30dcc97",
  "player2_bot_strategy": "outcome_transition_dual_dependency",
  "player2_bot_move_probabilities": {
    "win": {
      "0": {
        "rock": {
          "rock": 0.04999999999999999,
          "paper": 0.9,
          "scissors": 0.04999999999999999
        },
        "paper": {
          "rock": 0.04999999999999999,
          "paper": 0.04999999999999999,
          "scissors": 0.9
        },
        "scissors": {
          "rock": 0.9,
          "paper": 0.04999999999999999,
          "scissors": 0.04999999999999999
        }
      },
      "+": {
        "rock": {
          "rock": 0.04999999999999999,
          "paper": 0.04999999999999999,
          "scissors": 0.9
        },
        "paper": {
          "rock": 0.9,
          "paper": 0.04999999999999999,
          "scissors": 0.04999999999999999
        },
        "scissors": {
          "rock": 0.04999999999999999,
          "paper": 0.9,
          "scissors": 0.04999999999999999
        }
      },
      "-": {
        "rock": {
          "rock": 0.9,
          "paper": 0.04999999999999999,
          "scissors": 0.04999999999999999
        },
        "paper": {
          "rock": 0.04999999999999999,
          "paper": 0.9,
          "scissors": 0.04999999999999999
        },
        "scissors": {
          "rock": 0.04999999999999999,
          "paper": 0.04999999999999999,
          "scissors": 0.9
        }
      }
    },
    "loss": {
      "0": {
        "rock": {
          "rock": 0.04999999999999999,
          "paper": 0.04999999999999999,
          "scissors": 0.9
        },
        "paper": {
          "rock": 0.9,
          "paper": 0.04999999999999999,
          "scissors": 0.04999999999999999
        },
        "scissors": {
          "rock": 0.04999999999999999,
          "paper": 0.9,
          "scissors": 0.04999999999999999
        }
      },
      "+": {
        "rock": {
          "rock": 0.9,
          "paper": 0.04999999999999999,
          "scissors": 0.04999999999999999
        },
        "paper": {
          "rock": 0.04999999999999999,
          "paper": 0.9,
          "scissors": 0.04999999999999999
        },
        "scissors": {
          "rock": 0.04999999999999999,
          "paper": 0.04999999999999999,
          "scissors": 0.9
        }
      },
      "-": {
        "rock": {
          "rock": 0.04999999999999999,
          "paper": 0.9,
          "scissors": 0.04999999999999999
        },
        "paper": {
          "rock": 0.04999999999999999,
          "paper": 0.04999999999999999,
          "scissors": 0.9
        },
        "scissors": {
          "rock": 0.9,
          "paper": 0.04999999999999999,
          "scissors": 0.04999999999999999
        }
      }
    },
    "tie": {
      "0": {
        "rock": {
          "rock": 0.9,
          "paper": 0.04999999999999999,
          "scissors": 0.04999999999999999
        },
        "paper": {
          "rock": 0.04999999999999999,
          "paper": 0.9,
          "scissors": 0.04999999999999999
        },
        "scissors": {
          "rock": 0.04999999999999999,
          "paper": 0.04999999999999999,
          "scissors": 0.9
        }
      },
      "+": {
        "rock": {
          "rock": 0.04999999999999999,
          "paper": 0.9,
          "scissors": 0.04999999999999999
        },
        "paper": {
          "rock": 0.04999999999999999,
          "paper": 0.04999999999999999,
          "scissors": 0.9
        },
        "scissors": {
          "rock": 0.9,
          "paper": 0.04999999999999999,
          "scissors": 0.04999999999999999
        }
      },
      "-": {
        "rock": {
          "rock": 0.04999999999999999,
          "paper": 0.04999999999999999,
          "scissors": 0.9
        },
        "paper": {
          "rock": 0.9,
          "paper": 0.04999999999999999,
          "scissors": 0.04999999999999999
        },
        "scissors": {
          "rock": 0.04999999999999999,
          "paper": 0.9,
          "scissors": 0.04999999999999999
        }
      }
    }
  }
}