{
  "game_id": "dcde1435-1794-4ea3-87f8-cbc16b5a8cb8",
  "version": "2",
  "sona": "1",
  "experiment_id": "1768",
  "credit_token": "19421bc286424246b6b1e873e7a55a8e",
  "survey_code": "29586",
  "player1_id": "0c21e1f0-0ff3-4e52-9d65-b54faecd5c06",
  "player2_id": "bot",
  "rounds": [],
  "player2_botid": "3db22606-78ab-4e06-a975-f82d3395a89d",
  "player2_bot_strategy": "outcome_transition_dual_dependency",
  "player2_bot_move_probabilities": {
    "win": {
      "0": {
        "rock": {
          "rock": 0.04999999999999999,
          "paper": 0.9,
          "scissors": 0.04999999999999999
        },
        "paper": {
          "rock": 0.04999999999999999,
          "paper": 0.04999999999999999,
          "scissors": 0.9
        },
        "scissors": {
          "rock": 0.9,
          "paper": 0.04999999999999999,
          "scissors": 0.04999999999999999
        }
      },
      "+": {
        "rock": {
          "rock": 0.04999999999999999,
          "paper": 0.04999999999999999,
          "scissors": 0.9
        },
        "paper": {
          "rock": 0.9,
          "paper": 0.04999999999999999,
          "scissors": 0.04999999999999999
        },
        "scissors": {
          "rock": 0.04999999999999999,
          "paper": 0.9,
          "scissors": 0.04999999999999999
        }
      },
      "-": {
        "rock": {
          "rock": 0.9,
          "paper": 0.04999999999999999,
          "scissors": 0.04999999999999999
        },
        "paper": {
          "rock": 0.04999999999999999,
          "paper": 0.9,
          "scissors": 0.04999999999999999
        },
        "scissors": {
          "rock": 0.04999999999999999,
          "paper": 0.04999999999999999,
          "scissors": 0.9
        }
      }
    },
    "loss": {
      "0": {
        "rock": {
          "rock": 0.04999999999999999,
          "paper": 0.04999999999999999,
          "scissors": 0.9
        },
        "paper": {
          "rock": 0.9,
          "paper": 0.04999999999999999,
          "scissors": 0.04999999999999999
        },
        "scissors": {
          "rock": 0.04999999999999999,
          "paper": 0.9,
          "scissors": 0.04999999999999999
        }
      },
      "+": {
        "rock": {
          "rock": 0.9,
          "paper": 0.04999999999999999,
          "scissors": 0.04999999999999999
        },
        "paper": {
          "rock": 0.04999999999999999,
          "paper": 0.9,
          "scissors": 0.04999999999999999
        },
        "scissors": {
          "rock": 0.04999999999999999,
          "paper": 0.04999999999999999,
          "scissors": 0.9
        }
      },
      "-": {
        "rock": {
          "rock": 0.04999999999999999,
          "paper": 0.9,
          "scissors": 0.04999999999999999
        },
        "paper": {
          "rock": 0.04999999999999999,
          "paper": 0.04999999999999999,
          "scissors": 0.9
        },
        "scissors": {
          "rock": 0.9,
          "paper": 0.04999999999999999,
          "scissors": 0.04999999999999999
        }
      }
    },
    "tie": {
      "0": {
        "rock": {
          "rock": 0.9,
          "paper": 0.04999999999999999,
          "scissors": 0.04999999999999999
        },
        "paper": {
          "rock": 0.04999999999999999,
          "paper": 0.9,
          "scissors": 0.04999999999999999
        },
        "scissors": {
          "rock": 0.04999999999999999,
          "paper": 0.04999999999999999,
          "scissors": 0.9
        }
      },
      "+": {
        "rock": {
          "rock": 0.04999999999999999,
          "paper": 0.9,
          "scissors": 0.04999999999999999
        },
        "paper": {
          "rock": 0.04999999999999999,
          "paper": 0.04999999999999999,
          "scissors": 0.9
        },
        "scissors": {
          "rock": 0.9,
          "paper": 0.04999999999999999,
          "scissors": 0.04999999999999999
        }
      },
      "-": {
        "rock": {
          "rock": 0.04999999999999999,
          "paper": 0.04999999999999999,
          "scissors": 0.9
        },
        "paper": {
          "rock": 0.9,
          "paper": 0.04999999999999999,
          "scissors": 0.04999999999999999
        },
        "scissors": {
          "rock": 0.04999999999999999,
          "paper": 0.9,
          "scissors": 0.04999999999999999
        }
      }
    }
  }
}