{
  "game_id": "6cb74dcd-9119-4f42-9e0c-b22fd2d7e82f",
  "version": "2",
  "sona": "1",
  "experiment_id": "1768",
  "credit_token": "19421bc286424246b6b1e873e7a55a8e",
  "survey_code": "20016",
  "player1_id": "eb8479f8-020a-4e12-8e5c-505ddb6a44e3",
  "player2_id": "bot",
  "rounds": [],
  "player2_botid": "1e7454e0-ddb9-474b-8100-ee051d39fb8b",
  "player2_bot_strategy": "win_positive_lose_negative",
  "player2_bot_move_probabilities": {
    "win": {
      "rock": {
        "rock": 0.04999999999999999,
        "paper": 0.9,
        "scissors": 0.04999999999999999
      },
      "paper": {
        "rock": 0.04999999999999999,
        "paper": 0.04999999999999999,
        "scissors": 0.9
      },
      "scissors": {
        "rock": 0.9,
        "paper": 0.04999999999999999,
        "scissors": 0.04999999999999999
      }
    },
    "loss": {
      "rock": {
        "rock": 0.04999999999999999,
        "paper": 0.04999999999999999,
        "scissors": 0.9
      },
      "paper": {
        "rock": 0.9,
        "paper": 0.04999999999999999,
        "scissors": 0.04999999999999999
      },
      "scissors": {
        "rock": 0.04999999999999999,
        "paper": 0.9,
        "scissors": 0.04999999999999999
      }
    },
    "tie": {
      "rock": {
        "rock": 0.9,
        "paper": 0.04999999999999999,
        "scissors": 0.04999999999999999
      },
      "paper": {
        "rock": 0.04999999999999999,
        "paper": 0.9,
        "scissors": 0.04999999999999999
      },
      "scissors": {
        "rock": 0.04999999999999999,
        "paper": 0.04999999999999999,
        "scissors": 0.9
      }
    }
  }
}