{
  "game_id": "7db231a0-f8c7-4f8d-9080-a201cf95b0be",
  "version": "2",
  "sona": "1",
  "experiment_id": "1768",
  "credit_token": "19421bc286424246b6b1e873e7a55a8e",
  "survey_code": "29586",
  "player1_id": "28683f91-03f4-4ad2-a51f-1c72a7c10caf",
  "player2_id": "bot",
  "rounds": [],
  "player2_botid": "9d3c67be-55f3-4713-a03f-2154eb9cee02",
  "player2_bot_strategy": "win_nil_lose_positive",
  "player2_bot_move_probabilities": {
    "win": {
      "rock": {
        "rock": 0.9,
        "paper": 0.04999999999999999,
        "scissors": 0.04999999999999999
      },
      "paper": {
        "rock": 0.04999999999999999,
        "paper": 0.9,
        "scissors": 0.04999999999999999
      },
      "scissors": {
        "rock": 0.04999999999999999,
        "paper": 0.04999999999999999,
        "scissors": 0.9
      }
    },
    "loss": {
      "rock": {
        "rock": 0.04999999999999999,
        "paper": 0.9,
        "scissors": 0.04999999999999999
      },
      "paper": {
        "rock": 0.04999999999999999,
        "paper": 0.04999999999999999,
        "scissors": 0.9
      },
      "scissors": {
        "rock": 0.9,
        "paper": 0.04999999999999999,
        "scissors": 0.04999999999999999
      }
    },
    "tie": {
      "rock": {
        "rock": 0.04999999999999999,
        "paper": 0.04999999999999999,
        "scissors": 0.9
      },
      "paper": {
        "rock": 0.9,
        "paper": 0.04999999999999999,
        "scissors": 0.04999999999999999
      },
      "scissors": {
        "rock": 0.04999999999999999,
        "paper": 0.9,
        "scissors": 0.04999999999999999
      }
    }
  }
}